ID,Work Item Type,Title,Assigned To,State,Tags,Work Item ID,DevOps URL,Iteration Path,Parent Work Item ID
TBD-01,Task,5.0 Automate end-to-end flow from user input to chatbot response,Shashank Raj shashank.raj@latentbridge.com,To Do,Automation,10130.0,https://dev.azure.com/LatentBridgeIA/7c9f032c-65b7-4f5e-89bc-e66f0d4c45aa/_workitems/edit/10130,Albai Fetch\June 2025 - Sprint 2,9759
TBD-02,Task,3.3 Generate SQL Query from User Input and Metadata,Shashank Raj shashank.raj@latentbridge.com,To Do,Automation,10131,https://dev.azure.com/LatentBridgeIA/7c9f032c-65b7-4f5e-89bc-e66f0d4c45aa/_workitems/edit/10131,Albai Fetch\June 2025 - Sprint 2,9759
TBD-03,Task,4.1 Implement SQL Query Validation Logic,Shashank Raj shashank.raj@latentbridge.com,To Do,Automation,10132,https://dev.azure.com/LatentBridgeIA/7c9f032c-65b7-4f5e-89bc-e66f0d4c45aa/_workitems/edit/10132,Albai Fetch\June 2025 - Sprint 2,9759
TBD-04,Task,4.2 Create Retry Mechanism for SQL Generation (3 attempts),Shashank Raj shashank.raj@latentbridge.com,To Do,Automation,10133,https://dev.azure.com/LatentBridgeIA/7c9f032c-65b7-4f5e-89bc-e66f0d4c45aa/_workitems/edit/10133,Albai Fetch\June 2025 - Sprint 2,9759
TBD-05,Task,4.3 Implement Temporary Storage for Valid SQL and User Query,Shashank Raj shashank.raj@latentbridge.com,To Do,Automation,10134,https://dev.azure.com/LatentBridgeIA/7c9f032c-65b7-4f5e-89bc-e66f0d4c45aa/_workitems/edit/10134,Albai Fetch\June 2025 - Sprint 2,9759
TBD-06,Task,4.4 Create CSV Storage for Query-Metadata-SQL Mapping,Shashank Raj shashank.raj@latentbridge.com,To Do,Automation,10135,https://dev.azure.com/LatentBridgeIA/7c9f032c-65b7-4f5e-89bc-e66f0d4c45aa/_workitems/edit/10135,Albai Fetch\June 2025 - Sprint 2,9759
TBD-07,Task,6.1 Implement Database Query Execution Engine,Shashank Raj shashank.raj@latentbridge.com,To Do,Automation,10136,https://dev.azure.com/LatentBridgeIA/7c9f032c-65b7-4f5e-89bc-e66f0d4c45aa/_workitems/edit/10136,Albai Fetch\June 2025 - Sprint 2,9759
TBD-10,Task,6.4 Create Result Storage for Successful Query Execution,Shashank Raj shashank.raj@latentbridge.com,To Do,Automation,10137,https://dev.azure.com/LatentBridgeIA/7c9f032c-65b7-4f5e-89bc-e66f0d4c45aa/_workitems/edit/10137,Albai Fetch\June 2025 - Sprint 2,9759
TBD-11,Task,7.1 Develop Final Response Generation Logic,Shashank Raj shashank.raj@latentbridge.com,To Do,Automation,10138,https://dev.azure.com/LatentBridgeIA/7c9f032c-65b7-4f5e-89bc-e66f0d4c45aa/_workitems/edit/10138,Albai Fetch\June 2025 - Sprint 2,9759
TBD-12,Task,7.2 Create Predefined Prompt Templates for Response Generation,Shashank Raj shashank.raj@latentbridge.com,To Do,Automation,10139,https://dev.azure.com/LatentBridgeIA/7c9f032c-65b7-4f5e-89bc-e66f0d4c45aa/_workitems/edit/10139,Albai Fetch\June 2025 - Sprint 2,9759
TBD-13,Task,7.3 Implement JSON Response Parser for Final Output,Shashank Raj shashank.raj@latentbridge.com,To Do,Automation,10140,https://dev.azure.com/LatentBridgeIA/7c9f032c-65b7-4f5e-89bc-e66f0d4c45aa/_workitems/edit/10140,Albai Fetch\June 2025 - Sprint 2,9759
TBD-14,Task,8.1 Create Error Handling for Process Exit Scenarios,Shashank Raj shashank.raj@latentbridge.com,To Do,Automation,10141,https://dev.azure.com/LatentBridgeIA/7c9f032c-65b7-4f5e-89bc-e66f0d4c45aa/_workitems/edit/10141,Albai Fetch\June 2025 - Sprint 2,9759
TBD-15,Task,8.2 Implement Logging and Monitoring for End-to-End Flow,Shashank Raj shashank.raj@latentbridge.com,To Do,Automation,10142,https://dev.azure.com/LatentBridgeIA/7c9f032c-65b7-4f5e-89bc-e66f0d4c45aa/_workitems/edit/10142,Albai Fetch\June 2025 - Sprint 2,9759
TBD-16,Task,9.1 Create Integration Tests for Complete Workflow,Shashank Raj shashank.raj@latentbridge.com,To Do,Automation,10143,https://dev.azure.com/LatentBridgeIA/7c9f032c-65b7-4f5e-89bc-e66f0d4c45aa/_workitems/edit/10143,Albai Fetch\June 2025 - Sprint 2,9759
TBD-17,Task,9.2 Implement Performance Optimization for Query Processing,Shashank Raj shashank.raj@latentbridge.com,To Do,Automation,10144,https://dev.azure.com/LatentBridgeIA/7c9f032c-65b7-4f5e-89bc-e66f0d4c45aa/_workitems/edit/10144,Albai Fetch\June 2025 - Sprint 2,9759
